meta_region	animal	qpcr	treatment
amygdala	2501	0.34603178979789173	Malat1 ASO
amygdala	2502	0.14733111739352756	Malat1 ASO
amygdala	2503	0.15134788330476848	Malat1 ASO
amygdala	2504	0.20070515075832168	Malat1 ASO
basal forebrain nuclei	2501	0.33374997114309585	Malat1 ASO
basal forebrain nuclei	2502	0.08326049463183435	Malat1 ASO
basal forebrain nuclei	2503	0.04426736721462761	Malat1 ASO
basal forebrain nuclei	2504	0.06470553199528253	Malat1 ASO
caudate	2501	0.3195617483489033	Malat1 ASO
caudate	2502	0.4770377334076374	Malat1 ASO
caudate	2503	0.585417420049212	Malat1 ASO
caudate	2504	0.4262116700054667	Malat1 ASO
central gray	2501	0.27534294355805494	Malat1 ASO
central gray	2502	0.23458028524496705	Malat1 ASO
central gray	2503	0.17520291645847166	Malat1 ASO
central gray	2504	0.1893762081181113	Malat1 ASO
cerebellar cortex	2501	1.2838039689561485	Malat1 ASO
cerebellar cortex	2502	0.4293517990329267	Malat1 ASO
cerebellar cortex	2503	0.11987541788690265	Malat1 ASO
cerebellar cortex	2504	0.18783470919900375	Malat1 ASO
cerebellar peduncle	2501	0.5267148633687463	Malat1 ASO
cerebellar peduncle	2502	0.06664725846932529	Malat1 ASO
cerebellar peduncle	2503	0.06420771902259444	Malat1 ASO
cerebellar peduncle	2504	0.09470996096513	Malat1 ASO
cervical cord	2501	0.23481858568327552	Malat1 ASO
cervical cord	2502	0.0983132100517781	Malat1 ASO
cervical cord	2503	0.06307326513945795	Malat1 ASO
cervical cord	2504	0.0762573751624855	Malat1 ASO
corpus callosum	2501	0.28266972394100204	Malat1 ASO
corpus callosum	2502	0.143939126666118	Malat1 ASO
corpus callosum	2503	0.17255957741759612	Malat1 ASO
corpus callosum	2504	0.2357069206981768	Malat1 ASO
deep cerebellar nuclei	2501	0.622868997555783	Malat1 ASO
deep cerebellar nuclei	2502	0.4492175029968811	Malat1 ASO
deep cerebellar nuclei	2503	0.19892498864644273	Malat1 ASO
deep cerebellar nuclei	2504	0.34702911606152315	Malat1 ASO
enthorinal cortex	2501	0.11865426604503591	Malat1 ASO
enthorinal cortex	2502	0.05996569609449453	Malat1 ASO
enthorinal cortex	2503	0.04124857985604311	Malat1 ASO
enthorinal cortex	2504	0.10280838700809948	Malat1 ASO
frontal cortex	2501	0.2567306260266892	Malat1 ASO
frontal cortex	2502	0.09530844268197428	Malat1 ASO
frontal cortex	2503	0.0903654350552376	Malat1 ASO
frontal cortex	2504	0.16921821167327308	Malat1 ASO
globus palidus	2501	0.6137502171804898	Malat1 ASO
globus palidus	2502	0.5970326843314132	Malat1 ASO
globus palidus	2503	0.8875349713025646	Malat1 ASO
globus palidus	2504	0.6025327083953887	Malat1 ASO
hippocampus	2501	0.4832942688828707	Malat1 ASO
hippocampus	2502	0.0710707387779139	Malat1 ASO
hippocampus	2503	0.13376799260181335	Malat1 ASO
hippocampus	2504	0.16403383037288108	Malat1 ASO
hypothalamus	2501	0.4890506555164256	Malat1 ASO
hypothalamus	2502	0.1111540636519206	Malat1 ASO
hypothalamus	2503	0.14148398222752226	Malat1 ASO
hypothalamus	2504	0.11432231150351432	Malat1 ASO
insular cortex	2501	0.18149385614121605	Malat1 ASO
insular cortex	2502	0.09662382285675283	Malat1 ASO
insular cortex	2503	0.06845212556635889	Malat1 ASO
insular cortex	2504	0.11250601677129378	Malat1 ASO
lateral geniculate body	2501	0.2751915029521638	Malat1 ASO
lateral geniculate body	2502	0.14978820969621504	Malat1 ASO
lateral geniculate body	2503	0.11204146904771882	Malat1 ASO
lateral geniculate body	2504	0.1347144621101487	Malat1 ASO
lumbar cord	2501	0.11119275765233869	Malat1 ASO
lumbar cord	2502	0.08775935095797602	Malat1 ASO
lumbar cord	2503	0.07607174094356633	Malat1 ASO
lumbar cord	2504	0.0958396135562984	Malat1 ASO
medulla	2501	0.2872259929201504	Malat1 ASO
medulla	2502	0.11779571268340142	Malat1 ASO
medulla	2503	0.09293900105127957	Malat1 ASO
medulla	2504	0.10882046582800999	Malat1 ASO
motor cortex	2501	0.2389342740889707	Malat1 ASO
motor cortex	2502	0.19911504561603985	Malat1 ASO
motor cortex	2503	0.2655187332131597	Malat1 ASO
motor cortex	2504	0.09597995839762664	Malat1 ASO
occipital cortex	2501	0.39537864065034833	Malat1 ASO
occipital cortex	2502	0.16096487536913667	Malat1 ASO
occipital cortex	2503	0.04984400586809867	Malat1 ASO
occipital cortex	2504	0.07536416842412445	Malat1 ASO
pons	2501	0.3724635962635766	Malat1 ASO
pons	2502	0.13627990326783546	Malat1 ASO
pons	2503	0.07844877618347043	Malat1 ASO
pons	2504	0.07925761882498088	Malat1 ASO
pulvinar	2501	0.16461424147871914	Malat1 ASO
pulvinar	2502	0.11512494576644	Malat1 ASO
pulvinar	2503	0.1339741631855289	Malat1 ASO
pulvinar	2504	0.09061075328588326	Malat1 ASO
putamen	2501	0.9214919255510756	Malat1 ASO
putamen	2502	0.7722257851553471	Malat1 ASO
putamen	2503	0.5431921578509136	Malat1 ASO
putamen	2504	0.7040000337551575	Malat1 ASO
substancia nigra	2501	1.0890026451484285	Malat1 ASO
substancia nigra	2502	0.19975618555762445	Malat1 ASO
substancia nigra	2503	0.18786642559340536	Malat1 ASO
substancia nigra	2504	0.22282067798085495	Malat1 ASO
superior colliculus	2501	0.17881701684043536	Malat1 ASO
superior colliculus	2502	0.10179717406877824	Malat1 ASO
superior colliculus	2503	0.06233815228042545	Malat1 ASO
superior colliculus	2504	0.12238879184607528	Malat1 ASO
temporal cortex	2501	0.33420626048936514	Malat1 ASO
temporal cortex	2502	0.11522338675254312	Malat1 ASO
temporal cortex	2503	0.06421214646601095	Malat1 ASO
temporal cortex	2504	0.093559051343153	Malat1 ASO
thalamus	2501	0.4649496144500605	Malat1 ASO
thalamus	2502	0.39115183060084613	Malat1 ASO
thalamus	2503	0.2700747017621952	Malat1 ASO
thalamus	2504	0.22852990515784077	Malat1 ASO
thoracic cord	2501	0.11116236271866932	Malat1 ASO
thoracic cord	2502	0.08729210074054042	Malat1 ASO
thoracic cord	2503	0.07278545774651003	Malat1 ASO
thoracic cord	2504	0.07501794784276969	Malat1 ASO
